{
  "SHOTGUN": {
    "2x2": {
      "position": [
        "WR",
        "WR",
        "T",
        "RB",
        "G",
        "QB",
        "C",
        "C",
        "T",
        "TE",
        "WR"
      ],
      "wasRunningRoute": [
        1,
        1,
        0,
        1,
        0,
        0,
        0,
        0,
        0,
        1,
        1
      ],
      "x": [
        -1.6899999999999977,
        -0.4200000000000017,
        -0.9300000000000068,
        -4.670000000000002,
        -0.7800000000000011,
        -4.68,
        -0.12000000000000455,
        -0.7099999999999937,
        -0.8499999999999943,
        -1.3599999999999994,
        -0.5100000000000051
      ],
      "y": [
        37.33,
        35.79,
        29.67,
        28.66,
        28.16,
        26.799999999999997,
        26.59,
        25.119999999999997,
        23.72,
        20.5,
        14.369999999999997
      ]
    }
  }
}
